config_id,confidence
1,0.966637839457232
2,0.9526630691289901
3,0.966637839457232
4,0.9442195253372192
5,0.9442195253372192
